ID,Type,SKU,Name,Published,"Is featured?","Visibility in catalog","Short description",Description,"Date sale price starts","Date sale price ends","Tax status","Tax class","In stock?",Stock,"Low stock amount","Backorders allowed?","Sold individually?","Weight (kg)","Length (cm)","Width (cm)","Height (cm)","Allow customer reviews?","Purchase note","Sale price","Regular price",Categories,Tags,"Shipping class",Images,"Download limit","Download expiry days",Parent,"Grouped products",Upsells,Cross-sells,"External URL","Button text",Position,"Meta: site-sidebar-layout","Meta: ast-site-content-layout","Meta: site-content-style","Meta: site-sidebar-style","Meta: theme-transparent-header-meta","Meta: monthly_gain","Meta: _monthly_gain","Meta: win_rate","Meta: _win_rate","Meta: max_drawdown","Meta: _max_drawdown","Meta: profit_factor","Meta: _profit_factor","Meta: _supported_platforms","Meta: trading_style","Meta: _trading_style","Meta: download_link_mt4","Meta: _download_link_mt4","Meta: download_link_mt5","Meta: _download_link_mt5","Meta: myfxbook_url","Meta: _myfxbook_url","Meta: minimum_deposit","Meta: _minimum_deposit","Meta: mql5_purchase_link_mt4","Meta: _mql5_purchase_link_mt4","Meta: mql5_purchase_link_mt5","Meta: _mql5_purchase_link_mt5","Meta: faq_question_1","Meta: _faq_question_1","Meta: faq_answer_1","Meta: _faq_answer_1","Meta: faq_question_2","Meta: _faq_question_2","Meta: faq_answer_2","Meta: _faq_answer_2","Meta: faq_question_3","Meta: _faq_question_3","Meta: faq_answer_3","Meta: _faq_answer_3","Meta: key_features","Meta: _key_features","Meta: review_1_name","Meta: _review_1_name","Meta: review_1_date","Meta: _review_1_date","Meta: review_1_stars","Meta: _review_1_stars","Meta: review_1_text","Meta: _review_1_text","Meta: review_2_name","Meta: _review_2_name","Meta: review_2_date","Meta: _review_2_date","Meta: review_2_stars","Meta: _review_2_stars","Meta: review_2_text","Meta: _review_2_text","Meta: review_3_name","Meta: _review_3_name","Meta: review_3_date","Meta: _review_3_date","Meta: review_3_text","Meta: _review_3_text","Meta: review_3_stars","Meta: _review_3_stars","Meta: review_4_name_copy","Meta: _review_4_name_copy","Meta: review_4_date","Meta: _review_4_date","Meta: review_4_stars","Meta: _review_4_stars","Meta: review_4_text","Meta: _review_4_text","Meta: review_5_name","Meta: _review_5_name","Meta: review_5_date","Meta: _review_5_date","Meta: review_5_stars","Meta: _review_5_stars","Meta: review_5_text","Meta: _review_5_text","Meta: mql5_total_reviews","Meta: _mql5_total_reviews","Meta: mql5_average_rating","Meta: _mql5_average_rating","Meta: astra-migrate-meta-layouts"
19,external,,"DoIt GBP Master",1,0,visible,"EA especializado en pares de GBP con win rate del 76%","<h3>🚀 <strong>DoIt GBP Master — Confident GBPUSD Automation for Consistent, Stress-Free Growth</strong> 📈</h3>\nDoIt GBP Master is crafted for traders who want real consistency, emotional control, and stress-free automation — without the usual complexity and frustration of other Expert Advisors.\n\nFocused exclusively on GBPUSD for its predictable behavior and deep liquidity, it delivers high-performance trading powered by a proven live-ready strategy, dynamic risk control, and ready-to-go settings for fast, reliable installation.\n<h3>📊 <strong>Live Performance:</strong></h3>\nWant to see real, verified performance?\nCheck out two live DoIt GBP Master accounts:\n\n🔹 <a title=""https://shorturl.at/nhqyr"" href=""https://www.mql5.com/go?link=https://shorturl.at/nhqyr"" target=""_blank"" rel=""nofollow noopener"">[Conservative Risk Account (Steady Growth)]</a>\n🔹 <a title=""https://shorturl.at/nsRVa"" href=""https://www.mql5.com/go?link=https://shorturl.at/nsRVa"" target=""_blank"" rel=""nofollow noopener"">[Higher Risk Account (Over +400% Growth)]</a>\n\n<em>Both tracked in real market conditions. Updated automatically.</em>\n<h3>🎯 <strong>Launch Offer:</strong></h3>\nOnly a few copies left at the current price!\nFinal price: $999\n\n🎁 Bonus: Purchase DoIt GBP Master today and choose one for free:\n→ <a title=""https://www.mql5.com/es/market/product/132497"" href=""https://www.mql5.com/es/market/product/132497"" target=""_blank"" rel=""noopener"">DoIt Gold Guardian</a> or <a title=""https://www.mql5.com/es/market/product/125592"" href=""https://www.mql5.com/es/market/product/125592"" target=""_blank"" rel=""noopener"">DoIt Index Vanguard</a>\n(Full details included in the installation guide.)\n<h3>⭐ <strong>Key Advantages:</strong></h3>\n✅ Dynamic Risk Management\nSet your own custom risk percentage based on your account balance — full control, tailored to your goals.\n\n⚙️ Ready-to-Trade Setup\nNo complicated configurations, no overwhelming inputs.\nJust drag, drop, set your lot size — and you’re ready to go.\n\n🛡️ Prop Firm Friendly\nDesigned with smart risk management and consistency in mind to increase your chances of passing prop firm challenges.\n\n🔒 Safe, Smart Strategy\nEvery trade includes automated stop-loss, take-profit, and a tight trailing stop based on market structure — helping lock in profits while managing losses effectively.\nDesigned to handle both winning and losing streaks intelligently, preserving capital during challenging periods.\n\n♻️ No Martingale, No Grid\nNo dangerous recovery tactics — just steady, sustainable growth based on proven GBPUSD price behaviors.\n\n🔍 Proven Across Conditions\nStress-tested in volatile, trending, and sideways markets — and fine-tuned for real-world live trading, not just perfect backtests.\nPerformance validated through extensive live simulations and forward testing for real-market reliability.\n<h3>⚙️ <strong>Recommended Setup:</strong></h3>\n<ul>\n 	<li>Pair: GBPUSD</li>\n 	<li>Timeframe: Automatically optimized by the EA</li>\n 	<li>Minimum Deposit: $50</li>\n 	<li>Leverage: 1:30 minimum recommended (higher allows more flexibility)</li>\n 	<li>Broker: Low-spread brokers suggested (details in the installation guide)</li>\n 	<li>VPS: Reliable VPS recommended for 24/7 performance</li>\n</ul>\n<div></div>\n<h3>⭐ <strong>Why Traders Choose DoIt GBP Master:</strong></h3>\n<ul>\n 	<li>Confidence: Trade with a system engineered for live market realities, not illusions.</li>\n 	<li>Simplicity: Focus on results, not endless tweaking.</li>\n 	<li>Freedom: Adjust your risk easily — take full control of your trading journey.</li>\n 	<li>Professional Results: Built to help you succeed in personal accounts and meet prop firm standards.</li>\n 	<li>True Set-and-Trade: Unlike many EAs requiring constant optimization and risky parameter tweaks, DoIt GBP Master is built for long-term stability — no tinkering needed.</li>\n</ul>\n<div>\n<h3></h3>\n<h3>✅ <strong>Personalized Support Available</strong></h3>\nNeed help with installation or customizing risk settings for your goals?\nI offer <strong>full support</strong> to ensure you get started quickly and confidently — including help adjusting the EA to your personal or prop firm needs.\n\n</div>\n<div></div>\n<h3>✅ <strong>Ready to Trade Smarter?</strong></h3>\nInstall DoIt GBP Master today and experience the power of reliable, professional-grade automation.\nLet smart technology simplify your trading — so you can focus on long-term growth and emotional peace of mind.\n<h3>📋 <strong>Notes:</strong></h3>\n🎁 Free bonus product available after purchase confirmation (check installation guide for details).\n\n📘 Includes full user guide and tips for maximizing performance.\n<h3>📊 <strong>Want Proof Before You Start?</strong></h3>\nView our two verified Myfxbook signals: <a title=""https://shorturl.at/xplL6"" href=""https://www.mql5.com/go?link=https://shorturl.at/xplL6"" target=""_blank"" rel=""nofollow noopener"">[link 1]</a> | <a title=""https://shorturl.at/nhqyr"" href=""https://www.mql5.com/go?link=https://shorturl.at/nhqyr"" target=""_blank"" rel=""nofollow noopener"">[link 2]</a>\n<h3>🚀 [Get Started Today – Build Your Consistency and Confidence] ⚡</h3>",,,taxable,,1,,,0,0,,,,,1,,599,999,"Expert Advisors",,,http://doittrading.local/wp-content/uploads/2025/07/DoItGBPMaster.webp,,,,,,,https://www.mql5.com/en/accounting/buy/market/130050?period=0&source=Site+Profile+Seller&cartId=c4c87e0000000000014e7968,,0,default,default,default,default,default,12.8,field_6879526604a66,76,field_6879529104a67,4.2,field_687952ad04a68,2.34,field_687952c404a69,field_687952dc04a6a,scalping,field_6879531104a6b,https://www.mql5.com/en/accounting/buy/market/130051?period=0&source=Site+Profile+Seller&cartId=c4c87e0000000000bf9f7a68,field_687a9f9f4f748,https://www.mql5.com/en/accounting/buy/market/130050?period=0&source=Site+Profile+Seller&cartId=c4c87e0000000000bd9f7a68,field_687a9faa4f749,https://www.myfxbook.com/members/DoItTrading/doit-gbp-master/11493777,field_687a9fb44f74a,50,field_687a9fbe4f74b,https://www.mql5.com/en/accounting/buy/market/130051?period=0&source=Unknown&cartId=c4c87e0000000000c8a57a68,field_687a9f9f4f748,https://www.mql5.com/en/accounting/buy/market/130050?period=0&source=Unknown&cartId=c4c87e0000000000c8a57a68,field_687a9faa4f749,"Does it work with small accounts?",field_687aa9169001f,"Yes. It works with $50 and up. Just set your risk % and let it run.",field_687aa92290020,"Can it help with prop firm challenges?",field_687aa92d90021,"Yes. It’s designed to operate within the rules of firms like FTMO, with controlled drawdown and clean trade logic.",field_687aa93490022,"💥 If I purchase DoIt GBP Master, , do I really get a bonus EA?",field_687aa93b90023,"Yes. During the launch promo, you can choose DoIt Gold Guardian EA ($399) or Index Vanguard EA ($149) for FREE.
Once you complete your purchase, just follow the instructions in the confirmation message or contact us and we’ll activate your bonus EA.",field_687aa94290024,"Key Feature 1
Key Feature 2
Key Feature 3",field_687aa94890025,MBlue6,field_687ab04650fc9,20250121,field_687ab05550fca,5,field_687ab05b50fcb,"Setup was simple, and the performance has been great so far. Diego has been exceptionally friendly, responsive, and supportive throughout. Highly recommended!",field_687ab09950fcc,klausdiemaus,field_687ab0ec50fcf,20250121,field_687ab11c50fd3,5,field_687ab13a50fd7,"Diego’s EAs have always been reliable, so buying the DoIt GBP Master was an easy decision. My profits from his other tools already paid for this one. Setup was super simple, and I can’t wait to see the results! Thank you!


Update after 2 weeks: Best EA I have ever tried!",field_687ab15850fdb,Butterfly0856,field_687ab0f850fd0,20250504,field_687ab12450fd4,"Been using DoIt GBP Master for two weeks now, and the results have been amazing! The consistency is impressive, and I feel really safe using it. Diego has also been super friendly and helpful with any questions I had. Highly recommended! ⭐⭐⭐⭐⭐",field_687ab16050fdc,3,field_687ab14350fd8,,field_687ab10450fd1,,field_687ab12b50fd5,,field_687ab14a50fd9,,field_687ab16650fdd,,field_687ab10d50fd2,,field_687ab13350fd6,,field_687ab15150fda,,field_687ab16d50fde,47,field_687ab179a9286,4.9,field_687ab189a9287,set
30,external,,"DoIt Gold Guardian",1,0,visible,"Discover <strong>DoIt Gold Guardian</strong>, a cutting-edge Expert Advisor engineered for Gold (XAUUSD). Designed to deliver consistent, reliable results in the dynamic gold markets, it combines simplicity with advanced trading algorithms that work for traders at every experience level.","<h3>🚀 <strong>DoIt Gold Guardian — Confident, Stress-Free Automation for Gold (XAUUSD)</strong> 🏆</h3>\n<strong>DoIt Gold Guardian</strong> is designed for traders who want to <strong>capitalize on gold’s explosive movements</strong> with confidence, control, and simplicity.\nSpecialized for <strong>long trades only</strong>, it focuses on catching the most powerful bullish phases of gold — while protecting your capital through dynamic, intelligent risk management.\n\nBuilt for traders who seek <strong>consistent growth without fear of volatility</strong>, it delivers professional-grade performance combined with a simple, ready-to-trade setup.\n<h3></h3>\n<h3>📊 <strong>Live Performance:</strong></h3>\nTrack verified results on Myfxbook: [<a title=""https://shorturl.at/xljn4"" href=""https://www.myfxbook.com/portfolio/doit-gold-guardian/11493798"" target=""_blank"" rel=""nofollow noopener"">DoIt Gold Guaridan</a>]\n(<em>Real account, real market conditions — updated automatically.</em>)\n<h3>🎯 <strong>Launch Offer:</strong></h3>\nOnly a few copies left at the current price!\nFinal Price: $999\n\n🎁 Bonus: Purchase <a title=""https://www.mql5.com/es/market/product/130050"" href=""https://doittrading.com/doit-gbp-master/"" target=""_blank"" rel=""noopener"">DoIt GBP Master</a> and receive DoIt Gold Guardian or <a title=""https://www.mql5.com/es/market/product/125592"" href=""https://doittrading.com/product/index-vanguard-mt5/"" target=""_blank"" rel=""noopener"">DoIt Index Vanguard</a> for free!\n(Full bonus details available in the installation guide.)\n<h3></h3>\n<h3>⭐ <strong>Key Advantages:</strong></h3>\n✅ Dynamic Risk Management\nSet your custom <strong>risk percentage</strong> based on your account balance — take full control of your trading style.\n\n⚙️ Ready-to-Trade Setup\nForget endless inputs and complicated setups.\nJust drag, drop, set your risk — and you're ready to trade.\n\n🛡️ Specialized Long Strategy\nFocused exclusively on <strong>bullish gold trends</strong>, where the largest and fastest gains typically occur.\n\n🔒 Smart Capital Protection\nEach position includes <strong>automatic stop-loss</strong>, <strong>take-profit</strong>, and a <strong>dynamic trailing stop</strong> to secure profits while minimizing risk exposure.\n\n♻️ No Martingale, No Grid\nNo dangerous recovery tactics — just sustainable, intelligent growth based on real gold market behaviors.\n\n🔍 Proven Across Conditions\nStress-tested under <strong>high volatility</strong>, <strong>ranging periods</strong>, and <strong>explosive trends</strong> — fine-tuned for <strong>live trading conditions</strong>, not just perfect backtests.\n<h3></h3>\n<h3>⚙️ <strong>Recommended Setup:</strong></h3>\n<ul>\n 	<li>Pair: XAUUSD (Gold)</li>\n 	<li>Timeframe: Automatically optimized by the EA</li>\n 	<li>Minimum Deposit: $200</li>\n 	<li>Leverage: 1:30 minimum recommended (higher leverage allows more flexibility)</li>\n 	<li>Broker: Low-spread brokers suggested (details provided in the installation guide)</li>\n 	<li>VPS: Reliable VPS recommended for 24/7 trading</li>\n</ul>\n<h3></h3>\n<h3>⭐ <strong>Why Traders Choose DoIt Gold Guardian:</strong></h3>\n<ul>\n 	<li>Confidence: Trade gold without fear of sudden swings or volatility.</li>\n 	<li>Simplicity: Set it up once and let the strategy handle dynamic conditions.</li>\n 	<li>Freedom: Control your risk easily and adjust settings to your comfort.</li>\n 	<li>Professional Results: Built to perform under real-world gold market challenges.</li>\n 	<li>Master the Bullish Trend: Focus on capturing gold’s strongest and most profitable moves — without unnecessary complexity.</li>\n</ul>\n<h3></h3>\n<h3>✅ <strong>Personalized Support Available</strong></h3>\nNeed help with installation or fine-tuning your settings?\n<strong>I offer full live support</strong> to ensure you get started quickly and confidently — including help adjusting the EA to your personal or prop firm trading goals.\n<h3></h3>\n<h3>✅ <strong>Ready to Master Gold Trading with Confidence?</strong></h3>\n<strong>Install DoIt Gold Guardian today</strong> and unlock a smarter way to trade gold — powered by reliability, intelligent risk management, and professional-grade automation.\n<h3></h3>\n<h3>📋 <strong>Notes:</strong></h3>\n🎁 Free bonus product available after purchase confirmation (check installation guide for details).\n\n📘 Includes full user guide and setup tips for best results.\n<h3></h3>\n<div>\n\nStill unsure?\n✅ View live results on Myfxbook before you decide: <a title=""https://shorturl.at/xljn4"" href=""https://www.myfxbook.com/portfolio/doit-gold-guardian/11493798"" target=""_blank"" rel=""nofollow noopener"">Check it out here</a>\n\n</div>\n<h3>🚀 [Get Started Today – Capture Gold’s Best Opportunities with Confidence] ⚡</h3>",,,taxable,,1,,,0,0,,,,,1,,399,999,"Expert Advisors",,,http://doittrading.local/wp-content/uploads/2025/07/DoIt-Gold-Guardian.webp,,,,,,,https://www.mql5.com/en/accounting/buy/market/132497?period=0&source=Site+Profile+Seller&cartId=c4c87e000000000013b8df67,,0,default,default,default,default,default,25,field_6879526604a66,96.5,field_6879529104a67,8,field_687952ad04a68,1.6,field_687952c404a69,field_687952dc04a6a,swing,field_6879531104a6b,https://www.mql5.com/en/accounting/buy/market/132496?period=0&source=Site+Profile+Seller&cartId=c4c87e0000000000f79f7a68,field_687a9f9f4f748,https://www.mql5.com/en/accounting/buy/market/132497?period=0&source=Site+Profile+Seller&cartId=c4c87e0000000000f69f7a68,field_687a9faa4f749,https://www.myfxbook.com/portfolio/doit-gold-guardian/11493798,field_687a9fb44f74a,300,field_687a9fbe4f74b,https://www.mql5.com/es/accounting/buy/market/132496?period=0&source=Unknown&cartId=c4c87e0000000000eba57a68,field_687a9f9f4f748,https://www.mql5.com/es/accounting/buy/market/132497?period=0&source=Unknown&cartId=c4c87e0000000000eba57a68,field_687a9faa4f749,,,,,,,,,,,,,,,,,,,,,,,,,,,,,,,,,,,,,,,,,,,,,,,,,,,,,,,,,,,set
36,external,,"Index Vanguard",1,0,visible,"Discover <strong>DoIt Gold Guardian</strong>, a cutting-edge Expert Advisor engineered for Gold (XAUUSD). Designed to deliver consistent, reliable results in the dynamic gold markets, it combines simplicity with advanced trading algorithms that work for traders at every experience level.","<h3><b>Index Vanguard: The Versatile Trading Bot for Every Trader</b></h3>\n<div class=""atten"">\n\nLaunch Price Ending Soon!\n\n</div>\nLooking for a reliable trading bot that adapts to your goals and works even with small accounts? Index Vanguard is designed to help you optimize your trading, regardless of your account size or risk preference.\n\n<a title=""https://www.mql5.com/en/signals/2195619"" href=""https://www.mql5.com/en/signals/2274000"" target=""_blank"" rel=""noopener"">Live Signal</a>\n<h3><b>Currency Pair:</b> SP500\n<b>Minimum Deposit:</b> $30</h3>\n<h3></h3>\n<h3><strong>Easy Setup, Powerful Performance</strong></h3>\nWith Index Vanguard, you get a simple setup that lets you get started quickly. Focus on trading while the bot handles risk management and trade execution with precision.\n<h3></h3>\n<h3><strong>Customizable Trading Profiles</strong></h3>\nWhether you prefer steady growth or are comfortable with higher risk for potentially higher rewards, <strong>Index Vanguard</strong> offers four distinct trading profiles:\n<ul>\n 	<li>Conservative</li>\n 	<li>Balanced</li>\n 	<li>Aggressive</li>\n 	<li>Extreme</li>\n</ul>\nAdjust these profiles to suit your trading style and risk tolerance.\n<h3></h3>\n<h3><strong>Optimized for Prop Firm Challenges</strong></h3>\nIndex Vanguard includes a specialized Prop Firm Mode that optimizes the bot for better chances of passing prop firm challenges, increasing your potential for scaling your trading.\n<h3></h3>\n<h3><strong>Works with Small Accounts</strong></h3>\nDon’t have a large account? No problem! Index Vanguard is designed to work with small accounts, including those under $100, allowing traders with limited capital to access professional-grade tools.\n<h3>Automated risk and trades management</h3>\nLet Index Vanguard EA take control of your trades. With automated risk and trades management, the bot applies stop-losses, take-profits, and other key settings to protect your capital, helping you manage risk without constant monitoring.\n<h3><strong>Exclusive Trading Group Access</strong></h3>\n<h3></h3>\nPurchasing Index Vanguard gives you exclusive access to my trading group, where I will personally guide you in configuring the bot to match your goals. You'll also get insights into how I use the bot semi-automatically for enhanced results.\n<h3><strong>Make Your Trading Smarter with Index Vanguard Today</strong></h3>\nGet started today! Experience the power of Index Vanguard and take your trading to the next level. Don’t miss out on this opportunity to trade with confidence and precision.",,,taxable,,1,,,0,0,,,,,1,,129,599,"Expert Advisors",,,http://doittrading.local/wp-content/uploads/2025/07/IndexVanguard.webp,,,,,,,https://www.mql5.com/en/accounting/buy/market/132497?period=0&source=Site+Profile+Seller&cartId=c4c87e000000000013b8df67,,0,default,default,default,default,default,10,field_6879526604a66,50.5,field_6879529104a67,3.5,field_687952ad04a68,1.2,field_687952c404a69,field_687952dc04a6a,swing,field_6879531104a6b,https://www.mql5.com/en/accounting/buy/market/125591?period=0&source=Site+Profile+Seller&cartId=c4c87e000000000028a07a68,field_687a9f9f4f748,https://www.mql5.com/en/accounting/buy/market/125592?period=0&source=Site+Profile+Seller&cartId=c4c87e000000000028a07a68,field_687a9faa4f749,https://www.myfxbook.com/portfolio/doit-gold-guardian/11493798,field_687a9fb44f74a,300,field_687a9fbe4f74b,https://www.mql5.com/en/accounting/buy/market/125591?period=0&source=Unknown&cartId=c4c87e000000000025a67a68,field_687a9f9f4f748,https://www.mql5.com/en/accounting/buy/market/125592?period=0&source=Unknown&cartId=c4c87e000000000025a67a68,field_687a9faa4f749,,,,,,,,,,,,,,,,,,,,,,,,,,,,,,,,,,,,,,,,,,,,,,,,,,,,,,,,,,,set
38,external,,"Backtesting Simulator",1,0,visible,"Are you tired of spending months on demo or live accounts to test your trading strategies? The Backtesting Simulator is the ultimate trading simulator designed to elevate your backtesting experience to new heights. Utilizing Metatrader historical symbol information, it offers an unparalleled simulation of real market conditions. Take control of your testing speed, test ideas quickly or at a slower pace, and witness remarkable improvements in your testing performance. Forget about wasting time and welcome the advanced Backtesting Simulator!","<h4 class="""" data-start=""183"" data-end=""231"">Stop Wasting Time. Start Testing Like a Pro</h4>\n<p class="""" data-start=""233"" data-end=""336"">How many hours have you lost staring at charts, waiting for setups, hoping your strategy proves itself?</p>\n<p class="""" data-start=""338"" data-end=""531"">What if you could fast forward six months of trading into a single evening<br data-start=""412"" data-end=""415"" />What if you could fine-tune your strategy, build confidence, and master your execution without risking a single cent</p>\n<p class="""" data-start=""533"" data-end=""753"">Introducing the <strong data-start=""549"" data-end=""574"">Backtesting Simulator</strong><br data-start=""574"" data-end=""577"" />The fastest, smartest, and most empowering way to validate your trading ideas<br data-start=""654"" data-end=""657"" />Built for MetaTrader users who are done wasting time and ready to trade with clarity and control</p>\n\n<h3 class="""" data-start=""755"" data-end=""780"">⚡ Why Traders Love It</h3>\n<p class="""" data-start=""782"" data-end=""977"">✅ <strong data-start=""784"" data-end=""817"">Skip the Painful Waiting Game</strong><br data-start=""817"" data-end=""820"" />Forget sitting through endless demo sessions<br data-start=""864"" data-end=""867"" />With speed control at your fingertips, you can slow down to study every tick or fast forward through the noise</p>\n<p class="""" data-start=""979"" data-end=""1150"">✅ <strong data-start=""981"" data-end=""1005"">Accelerate Your Edge</strong><br data-start=""1005"" data-end=""1008"" />Achieve in hours what would normally take months<br data-start=""1056"" data-end=""1059"" />Backtest your strategy, spot flaws, and iterate quickly all within a single evening session</p>\n<p class="""" data-start=""1152"" data-end=""1339"">✅ <strong data-start=""1154"" data-end=""1177"">Instant Time Travel</strong><br data-start=""1177"" data-end=""1180"" />Click, jump to tomorrow, and repeat<br data-start=""1215"" data-end=""1218"" />Focus only on the trades that matter<br data-start=""1254"" data-end=""1257"" />This simulator eliminates downtime so you can concentrate on what moves the needle</p>\n<p class="""" data-start=""1341"" data-end=""1504"">✅ <strong data-start=""1343"" data-end=""1369"">Master Risk Like a Pro</strong><br data-start=""1369"" data-end=""1372"" />Realistic simulations help you sharpen your risk management instincts under real market conditions<br data-start=""1470"" data-end=""1473"" />No emotional bias, no guesswork</p>\n<p class="""" data-start=""1506"" data-end=""1673"">✅ <strong data-start=""1508"" data-end=""1548"">Multi-Chart Mode for Serious Traders</strong><br data-start=""1548"" data-end=""1551"" />Test across multiple assets, timeframes, and charts at once<br data-start=""1610"" data-end=""1613"" />See the full picture and make smarter, data-driven decisions</p>\n<p class="""" data-start=""1675"" data-end=""1846"">✅ <strong data-start=""1677"" data-end=""1710"">True-to-Reality Market Replay</strong><br data-start=""1710"" data-end=""1713"" />Use your broker’s historical data to simulate actual trading conditions<br data-start=""1784"" data-end=""1787"" />No surprises, no fluff<br data-start=""1809"" data-end=""1812"" />Just accurate, transparent testing</p>\n<p class="""" data-start=""1848"" data-end=""1973"">✅ <strong data-start=""1850"" data-end=""1867"">Plug and Play</strong><br data-start=""1867"" data-end=""1870"" />No complicated setups<br data-start=""1891"" data-end=""1894"" />No extra software needed<br data-start=""1918"" data-end=""1921"" />Drop it into MetaTrader and start testing in minutes</p>\n\n<blockquote data-start=""1975"" data-end=""2159"">\n<p class="""" data-start=""1977"" data-end=""2159"">Please note that some lag may appear in the MetaTrader Strategy Tester interface<br data-start=""2057"" data-end=""2060"" />This is only a visual issue and does not affect the simulator’s real-time performance or accuracy</p>\n</blockquote>\n\n<hr class="""" data-start=""2161"" data-end=""2164"" />\n\n<h3 class="""" data-start=""2166"" data-end=""2208"">🎯 Test Smarter. Trade With Confidence</h3>\n<p class="""" data-start=""2210"" data-end=""2318"">The <strong data-start=""2214"" data-end=""2239"">Backtesting Simulator</strong> is more than a tool<br data-start=""2259"" data-end=""2262"" />It is your shortcut to clarity, consistency, and control</p>\n<p class="""" data-start=""2320"" data-end=""2408"">If you are serious about trading, you know backtesting is not optional<br data-start=""2390"" data-end=""2393"" />It is your edge</p>\n<p class="""" data-start=""2410"" data-end=""2504""><strong data-start=""2410"" data-end=""2449"">Get the Backtesting Simulator today</strong> and finally close the gap between strategy and success</p>",,,taxable,,1,,,0,0,,,,,1,,149,199,Indicators,,,http://doittrading.local/wp-content/uploads/2025/07/BacktestingSimulatorIcon.webp,,,,,,,https://www.mql5.com/en/accounting/buy/market/101345?period=0&source=Site+Profile+Seller&cartId=c4c87e000000000009765865,,0,default,default,default,default,default,2,field_6879526604a66,1,field_6879529104a67,1,field_687952ad04a68,1,field_687952c404a69,field_687952dc04a6a,scalping,field_6879531104a6b,https://www.mql5.com/en/accounting/buy/market/101346?period=0&source=Site+Profile+Seller&cartId=c4c87e000000000009765865,field_687a9f9f4f748,https://www.mql5.com/en/accounting/buy/market/101345?period=0&source=Site+Profile+Seller&cartId=c4c87e000000000009765865,field_687a9faa4f749,https://www.mql5.com,field_687a9fb44f74a,,field_687a9fbe4f74b,https://www.mql5.com/en/accounting/buy/market/101346?period=0&source=Site+Profile+Seller&cartId=c4c87e00000000003da67a68,field_687a9f9f4f748,https://www.mql5.com/en/accounting/buy/market/101345?period=0&source=Site+Profile+Seller&cartId=c4c87e00000000003da67a68,field_687a9faa4f749,,,,,,,,,,,,,,,,,,,,,,,,,,,,,,,,,,,,,,,,,,,,,,,,,,,,,,,,,,,set
